Name, TotalOccurances
com.floreantpos.model.base.BaseUserPermission, 4300
com.floreantpos.model.base.BaseTicketItem, 3268
com.floreantpos.swing.PosUIManager, 3203
com.floreantpos.swing.PosButton, 2937
com.floreantpos.model.base.BaseMenuItem, 2426
com.floreantpos.main.Application, 1276
com.floreantpos.model.dao._BaseRootDAO, 1254
com.floreantpos.model.base.BaseTicket, 1107
com.floreantpos.swing.POSButtonUI, 1041
com.floreantpos.model.UserPermission, 989
com.floreantpos.model.base.BaseMenuGroup, 894
com.floreantpos.model.base.BaseMenuCategory, 878
com.floreantpos.swing.POSToggleButton, 801
com.floreantpos.model.base.BaseUser, 760
com.floreantpos.swing.POSToggleButtonUI, 711
com.floreantpos.Messages, 627
com.floreantpos.ui.ticket.TicketViewerTable, 567
com.floreantpos.ui.ticket.TicketViewerTableModel, 541
com.floreantpos.ui.HeaderPanel, 443
com.floreantpos.model.base.BaseTerminal, 431
com.floreantpos.swing.ListTableModel, 421
com.floreantpos.model.TicketItem, 393
com.floreantpos.model.Ticket, 369
com.floreantpos.util.NumberUtil, 334
com.floreantpos.model.base.BaseOrderType, 328
com.floreantpos.ui.views.order.SelectionView, 220
com.floreantpos.config.TerminalConfig, 192
com.floreantpos.ui.HeaderPanel$ClockTimerHandler, 190
com.floreantpos.ui.views.order.OrderView, 181
com.floreantpos.ui.ticket.TicketItemRowCreator, 179
com.floreantpos.model.base.BasePosTransaction, 167
com.floreantpos.model.MenuItem, 162
com.floreantpos.model.base.BaseTax, 162
com.floreantpos.model.dao.BasePrinterGroupDAO, 160
com.floreantpos.ui.views.order.MenuItemView, 149
com.floreantpos.ui.views.order.TicketView, 148
com.floreantpos.model.base.BaseKitchenTicket, 144
com.floreantpos.swing.BeanTableModel, 144
com.floreantpos.swing.GlassPane, 143
com.floreantpos.ui.PosTableRenderer, 134
